,Size,Time (s) for 100 imgs,Peak Memory (MB)
0,64×64,1.5000125999795273,1.011357307434082
1,128×128,2.0594969000085257,1.5933074951171875
2,224×224,4.527540100039914,4.8022003173828125
3,512×512,23.10152409999864,25.017563819885254
